name,url,username,password
192.168.1.1,http://192.168.1.1/,admin,5694C6C9
allegro.pl,https://allegro.pl/,zadca12@gmail.com,Gizamaplusjeden12
anilist.co,https://anilist.co/,zadca12@gmail.com,virtuspro12
chomikuj.pl,http://chomikuj.pl/,zadca12,zadca123
chomikuj.pl,https://chomikuj.pl/,zadca12,zadca123
firefoxaccounts,chrome://firefoxaccounts/,6fe596f38d774108ba46345c12d55ad4,"{""version"":1,""accountData"":{""kSync"":""db7766ae732134e3edf325f7c85eb30efcc68dc754951fad6c883500c189e22f5eca4399b7587019b519c1c04f0c1cf523d78603a3a445f67f9004dd13c84594"",""kXCS"":""a4f2ad5d6d5813616bf6af4f3677a608"",""kExtSync"":""088186d36f24b6b5606c90e7c0064af937f2ce0957cba866baa530531ab9f1bac46579203ac1c1791bbebed6cfa697035c94e1685dfdcb7917ebac1aa06b5cf1"",""kExtKbHash"":""5c1c6e8be76de0bb669d6cc0ada722d101cc99f4b1166d461ddc45a14870c93c""}}"
discordapp.com,https://discordapp.com/,zadca12@gmail.com,geralt21
signin.ea.com,https://signin.ea.com/,zadca12@gmail.com,Virtuspro12
www.epicgames.com,https://www.epicgames.com/,zadca12@gmail.com,geralt21
www.facebook.com,https://www.facebook.com/,,Virtuspro12
www.facebook.com,https://www.facebook.com/,zadca12@gmail.com,Gizamaplusjeden12
www.fanatical.com,https://www.fanatical.com/,zadca12@gmail.com,geralt21
filetracker.pl,https://filetracker.pl/nowe-konto,adam0230,geralt21
accounts.firefox.com,https://accounts.firefox.com/,zadca12@gmail.com,geralt21
uk.gamersgate.com,https://uk.gamersgate.com/,zadca123,ckI1oV38zX
github.com,https://github.com/,zadca12@gmail.com,gizamaplusjeden12
accounts.google.com,https://accounts.google.com/,zadca12@gmail.com,BloodAndGuts987
myaccount.google.com,https://myaccount.google.com/u/1/signinoptions/password,andrzejsalwowski123@gmail.com,Salwowski.Andrzej987
myaccount.google.com,https://myaccount.google.com/signinoptions/password,zadca12@gmail.com,SwordofthePromisedVictory567
www.humblebundle.com,https://www.humblebundle.com/,zadca12@gmail.com,geralt21
www.indiegala.com,https://www.indiegala.com/,zadca12@gmail.com,geralt21
www.librarything.com,https://www.librarything.com/,zadca123,geralt21
account.live.com,https://account.live.com/,zadca12@gmail.com,Virtuspro12
login.live.com,https://login.live.com/,zadca12@gmail.com,BloodAndGuts987
lowcygier.pl,https://lowcygier.pl/,zadca123,geralt21
mega.nz,https://mega.nz/,zadca12@gmail.com,geralt21
www.messenger.com,https://www.messenger.com/,zadca12@gmail.com,Gizamaplusjeden12
myanimelist.net,https://myanimelist.net/,zadca12,Geralt21
myanimelist.net,https://myanimelist.net/,zadca123,CNyWabVIVCR1
www.paypal.com,https://www.paypal.com/,zadca12@gmail.com,Virtus.Pro.12
english-dashboard.pearson.com,https://english-dashboard.pearson.com/register/adult,adam.salwowski,gizamaplusjeden12
www.poorchat.net,https://www.poorchat.net/,Zadca12,geralt21
www.ppe.pl,https://www.ppe.pl/,zadca123,geralt21
www.reddit.com,https://www.reddit.com/,zadca123,Virtuspro12
accounts.reddit.com,https://accounts.reddit.com/,zadca123,Virtuspro12
www.spoj.com,https://www.spoj.com/,zadca123,geralt21
accounts.spotify.com,https://accounts.spotify.com/,zadca12@gmail.com,geralt21
steamcommunity.com,https://steamcommunity.com/,zadca123,BloodAndGuts987
store.steampowered.com,https://store.steampowered.com/,zadca123,BloodAndGuts987
www.symbolab.com,https://www.symbolab.com/,zadca12@gmail.com,geralt21
login.tidal.com,https://login.tidal.com/,zadca12@gmail.com,virtuspro12
www.twitch.tv,https://www.twitch.tv/,zadca12,Geralt21
passport.twitch.tv,https://passport.twitch.tv/,zadca12,Geralt21
twitter.com,https://twitter.com/,zadca12@gmail.com,Virtuspro12
uphold.com,https://uphold.com/authorize/6d8d9473ed20be627f71ed46e207f40c004c5b1a,zadca12@gmail.com,Virtuspro12
cas.uwm.edu.pl,https://cas.uwm.edu.pl/,98013004511,gizamaplusjeden12
www.vitay.pl,https://www.vitay.pl/,zadca12@gmail.com,gizamaplusjeden12
vndb.org,https://vndb.org/,,geralt21
vndb.org,https://vndb.org/,zadca123,virtuspro12
account.wolfram.com,https://account.wolfram.com/auth/create,adam0230@wp.pl,geralt21
www.yerbamarket.com,https://www.yerbamarket.com/,zadca12@gmail.com,geralt21
yuplay.ru,https://yuplay.ru/,zadca12@gmail.com, eWTBYgEaKY
